feature,importance
basket_count,0.3441087075026317
active_weeks,0.24259151263707937
total_spend,0.19568882272263835
avg_spend,0.0936020321331028
hh_size,0.04144354170826982
income_range,0.03499094141599959
loyalty_flag,0.0324150660256689
children,0.015159375854609499
